index,traffic
0,514.901424590337
1,495.8520709648645
2,519.4306561430208
3,545.6908956922407
4,492.97539875829995
5,492.9758912915246
6,547.3763844652217
7,523.0230418745873
8,485.91576842195144
9,516.2768013075789
10,486.0974692156261
11,486.0281073928923
12,507.258868146981
13,442.6015926602661
14,448.252465024609
15,483.1313741227708
16,469.6150663899673
17,509.4274199778582
18,472.75927773436365
19,457.6308889599413
20,543.9694630676466
21,493.22671098540394
22,502.0258461406377
23,457.25755441359627
24,483.66851826424454
25,503.327677691296
26,465.47019267733094
27,511.27094055037014
28,481.98083930243587
29,491.2491875062017
30,481.9488016331181
31,555.5683455352681
32,499.595083257862
33,468.268672131323
34,524.6763473630957
35,463.37469050086935
36,506.26590785014264
37,441.2098962836067
38,460.1544185330471
39,505.9058370760737
40,522.1539973998623
41,505.14104843569913
42,496.53055152835276
43,490.96688913232134
44,455.64434028897716
45,478.40467374815876
46,486.1808368712064
47,531.7136667865675
48,510.3085486870539
49,447.108795339118
50,509.72251908184387
51,488.4475315875105
52,479.6923399908212
53,518.350288665226
54,530.9299856748785
55,527.938403573486
56,474.82347430332084
57,490.72362872446354
58,509.9379029421069
59,529.2663538136708
60,485.6247728646413
61,494.4302307000855
62,466.80995077981913
63,464.11380127757985
64,524.375774671826
65,540.6872008571247
66,497.83969635259
67,530.1059869367607
68,510.849080751429
69,480.6464073618463
70,510.84186816525244
71,546.1410969939791
72,498.92521882670144
73,546.9393096744202
74,421.4076468773077
75,524.6570751312568
76,502.6114120471451
77,491.029779486024
78,502.75282329606506
79,440.37293256197324
80,493.40984336487463
81,510.7133771453524
82,544.3368213422455
83,484.45189345179057
84,475.7451919132044
85,484.9472886924639
86,527.4620635310622
87,509.8625332897905
88,484.10719388698885
89,515.3980229934007
90,502.9123264804412
91,529.0593497159866
92,478.93840718367943
93,490.170135602067
94,488.2367554060353
95,456.09455155603644
96,508.8836083119373
97,507.8316581653967
98,500.15340369927384
99,492.9623859987456
100,457.5388777384876
101,487.38064031703925
102,489.71856450419693
103,475.93168192335145
104,495.16142865001973
105,512.1215257044362
106,556.585577036316
107,505.23733438495515
108,507.7265117216829
109,497.766622527015
110,442.43686354102874
111,499.2045837365235
112,501.8069062982308
113,573.8972633745586
114,494.2291710565663
115,509.04642027000835
116,498.9586469088427
117,464.93965887141405
118,534.2846844354506
119,522.5579909806032
120,523.7309584112915
121,472.7183763561578
122,542.083829328083
123,457.9444681162316
124,517.6057128140081
125,565.7136687742993
126,470.28391024607936
127,483.01106811191687
128,502.9895409526292
129,484.89573037651405
130,453.480097068016
131,502.0568892441808
132,468.13088858821686
133,514.2077729190554
134,472.4172729729859
135,546.4980321505262
136,476.5024012299129
137,490.33815451382975
138,524.4055165210901
139,463.07407050698134
140,506.82379803812387
141,539.2142826284728
142,451.77550296316315
143,505.5390157559691
144,507.79648382745273
145,523.4546861533194
146,462.89147867365756
147,460.3863016074717
148,515.6582469685069
149,508.9095401969956
150,507.51478551037627
151,510.39344628490926
152,479.5992583526453
153,506.9676109148301
154,508.7921741989604
155,478.569457459209
156,555.9732353343427
157,514.2149876273536
158,464.26089508392056
159,519.6966082590149
160,470.75954989318035
161,523.6125381122736
162,534.7578673702221
163,475.3795304494487
164,528.9012838773297
165,512.3834278080949
166,524.6618047998347
167,556.9037894796185
168,492.6383565199139
169,477.3879150692753
170,473.3145671112343
171,475.52569145103683
172,497.68694871757685
173,510.23455924449934
174,508.30072397990057
175,524.8154974710807
176,500.39005675633723
177,543.6060223147196
178,492.0602950028613
179,581.6050749976886
180,518.7700204329502
181,474.28527330751155
182,467.8732250581666
183,514.4741724572956
184,493.29611644022447
185,521.4200148227627
186,514.1971287372063
187,497.8151326202938
188,474.59618845794785
189,454.5545832594241
190,486.60455143798936
191,525.6919638297042
192,506.4228123239061
193,462.62783663864036
194,505.19542777553545
195,511.55952139186513
196,473.484276913966
197,504.61175317836586
198,501.74626155338
199,465.7108910650813
200,510.7336208104485
201,516.823535791047
202,532.4915372952584
203,531.614061561047
204,458.6699189612873
205,471.8652488025463
206,515.4510580162598
207,515.4135785273662
208,515.4514305891814
209,615.5819447196417
210,517.126715320795
211,534.066969205418
212,528.620052904796
213,519.5417375391739
214,490.5419226607896
215,522.769076614798
216,476.81524356387285
217,492.8954417977997
218,485.4390935651269
219,502.4562241815897
220,569.4397570002053
221,443.98204422224757
222,520.5878057112354
223,451.6185238643104
224,485.842044026317
225,532.668517909021
226,501.9284005728639
227,467.6676566621208
228,478.540888722201
229,520.3879324680403
230,478.0890010484859
231,506.49375768745927
232,501.3671551971144
233,480.4519895718255
234,564.3183226797598
235,519.0175706695403
236,439.2457224002718
237,505.5936294430828
238,480.14640605694836
239,525.5730000438867
240,476.22437784701896
241,496.55790675599303
242,515.1496183694137
243,525.9726558251036
244,463.9911077883267
245,489.96496292477156
246,485.7516406651713
247,480.40012302278865
248,552.9636272084329
249,512.1494513288287
250,462.17348136994866
251,527.5358584116433
252,563.664685910379
253,530.9739578165344
254,454.4189010213796
255,485.47297781401244
256,538.0073344755987
257,478.7699160314366
258,513.3145828443869
259,523.2390216028801
260,472.1920858526575
261,498.214239318146
262,402.76197979792784
263,469.2683707599713
264,492.4229554582052
265,462.56650454105454
266,548.9723391179491
267,457.09575866118104
268,486.7986653990905
269,503.92221731858274
270,543.2381986719835
271,456.9241354646168
272,534.8949125646488
273,500.3069918305876
274,470.5547404685615
275,513.8631042278981
276,505.9717908672041
277,481.99349368523616
278,502.0940625497006
279,488.4405920941472
280,503.40552035753745
281,519.8639202356314
282,547.5805044843605
283,462.8655350351945
284,563.991001239688
285,441.43736601432494
286,495.4464471489325
287,517.6495161945373
288,508.429756032051
289,481.3190144053822
290,493.75633248928176
291,485.209971960235
292,482.31905729167363
293,525.4880629106308
294,510.7104645789514
295,479.21271214218035
296,526.9879962629975
297,509.21898562629826
298,524.3858635651688
299,518.8888652577084
300,475.13014967233784
301,483.1945687940909
302,522.4188081536979
303,518.3111079630039
304,499.37295218107556
305,503.51982149926346
306,538.3299468736527
307,482.2528583349251
308,516.4129214351011
309,493.9342204269832
310,493.46956390318337
311,532.9633055596157
312,524.7624904696409
313,524.4052890800192
314,539.1643642146298
315,500.63011524898275
316,520.4585891388489
317,490.69199730219634
318,509.72499057465325
319,496.09570836896944
320,502.90987894978156
321,517.8547107631074
322,475.4533795029958
323,562.7716182705637
324,469.8194785550089
325,463.57434161636803
326,534.7433262050021
327,523.7498808188881
328,518.7235945115647
329,518.8503652779284
330,499.63259681459255
331,473.08236885542505
332,502.2741367458118
333,479.68514865463663
334,529.2535920025325
335,495.58827855493587
336,475.2350840962247
337,490.3584247504102
338,512.3879436282688
339,483.08826341588076
340,475.3333881330071
341,507.31061634475736
342,507.34899713326166
343,484.7917047388661
344,485.86885083145035
345,506.96149812072906
346,456.55746975508026
347,457.77608676870335
348,478.4466733624269
349,493.5965854486446
350,509.32722696794013
351,544.2606865084865
352,525.7297886960606
353,495.2018441010972
354,499.4295137629193
355,469.92411906086573
356,499.4446059202283
357,491.34024083239586
358,509.6815568101427
359,475.1830716934303
360,515.5803954272352
361,545.9821673900773
362,496.7371955462943
363,512.0513516629683
364,520.7043197513334
365,487.96338584342493
366,506.7227744543125
367,500.3777720234539
368,502.93028295646496
369,476.809706484336
370,500.73530522776827
371,514.9399487373635
372,543.5343082338512
373,528.7781247825562
374,564.5954737253467
375,476.9795731133585
376,526.1696191016204
377,505.50026017215055
378,565.6940879965301
379,475.7510514393455
380,474.80834473457674
381,482.01822063667936
382,436.2831282707058
383,484.2273493495772
384,477.2260201533891
385,504.51181359428625
386,510.2526792733148
387,556.2851251764766
388,528.5127151455815
389,482.6928903301279
390,473.04755985954927
391,514.7575751451951
392,460.3930037893807
393,554.9437629756306
394,535.3832036216386
395,485.92473043685885
396,448.6059641272737
397,540.6161712249624
398,496.5638046424215
399,537.1344893592038
400,452.167170236169
401,482.01874931138684
402,500.1573109915455
403,501.40941781294225
404,486.4980358556227
405,518.685497970425
406,467.97138711852216
407,495.7286154493612
408,503.60886895135695
409,515.4331650217624
410,521.3484463426666
411,466.26073724486395
412,453.97657487793134
413,538.3303046569553
414,509.96942035938775
415,477.5454039033034
416,546.5345592656757
417,503.4702390287858
418,535.3789155219148
419,502.02555444230325
420,561.8224377464596
421,552.6602252732962
422,492.5310755456278
423,529.1471285286307
424,519.3612784875544
425,541.0589467259705
426,471.0522961825969
427,520.5815437999531
428,531.7527346054876
429,447.2378154073066
430,464.5022446200268
431,438.82303466719696
432,491.9177949666633
433,521.5262676738789
434,545.0707115628809
435,502.22284341259325
436,548.8584663671387
437,458.59695625355323
438,448.89852681934536
439,498.3335690331014
440,511.5219634681792
441,499.0191575571772
442,437.9767369988037
443,497.32639881461637
444,460.8659149848544
445,520.0901764649011
446,510.99794738290547
447,471.8036064101793
448,484.58399247989917
449,468.22359434333146
450,498.1196270818048
451,528.6542696150372
452,470.4282186099337
453,515.1213954655353
454,484.09227144882675
455,476.2138150321297
456,496.78908920136325
457,468.94273032741876
458,483.39052083958455
459,464.0636632223345
460,558.9417539874917
461,501.05790655915183
462,479.0082347602224
463,506.41939732202667
464,496.63015850927513
465,493.3709120140033
466,518.4250010013028
467,522.7252313014192
468,484.08496557168417
469,482.7254527806596
470,491.74844908545066
471,430.9423650579324
472,454.5442681340434
473,541.0062280233358
474,549.3490314050385
475,492.5289188133087
476,517.296708891673
477,509.3375046363061
478,592.3664242536571
479,533.5872473430373
480,496.16247225557703
481,471.3337867819872
482,451.80661039227283
483,506.1039090760167
484,477.3094776414709
485,457.33238871206976
486,480.6028134727242
487,467.55355989156817
488,550.614249052177
489,526.4491927084836
490,499.7608207605015
491,544.3983241667008
492,502.3210492294285
493,474.1614739601521
494,545.6937223180897
495,516.1673013105398
496,468.8826153702063
497,494.28983965749177
498,473.7314523984573
499,458.5160080710699
